dataset,n_valid_pairs,n_test_samples,mae_linear,r2_linear,time_linear,mae_quadratic,r2_quadratic,time_quadratic,improvement_pct,time_ratio_q_l,winner
AIDS,500,100,1.3514784990153936,0.6245734736682442,0.1417560577392578,1.441006594679016,0.5468381595929639,0.1404590606689453,-6.6244557888895175,0.990850499858721,Linear
IMDB,500,100,0.31408378531368836,0.9921881056165002,0.10071730613708496,0.28237215475186067,0.9917064856302908,0.08276844024658203,10.096551316762813,0.8217896548377399,Quadratic
Linux,500,100,0.42453442209852577,0.9178050721199348,0.1192166805267334,0.47973251551932,0.910470873370499,0.11416149139404297,-13.002030117591708,0.9575966290090014,Linear
